Código;Descripción;Categoría;Nombre de Archivo;URL Sin Fondo;URL Con Fondo
100000;Quisqueya_Extra_Caja_24_2;BEBIDAS;100000_Quisqueya_Extra_Caja_24_2.png;https://raw.githubusercontent.com/JUANCITOPENA/catalogo_productos/main/catalogo_productos_Sin_Fondos/100000_Quisqueya_Extra_Caja_24_2.png;https://raw.githubusercontent.com/JUANCITOPENA/catalogo_productos/main/imagenes_ultra_hd_Con_Fondos/100000_Quisqueya_Extra_Caja_24_2.png
100001;Quisqueya_Extra_Six_pack_24_2;BEBIDAS;100001_Quisqueya_Extra_Six_pack_24_2.png;https://raw.githubusercontent.com/JUANCITOPENA/catalogo_productos/main/catalogo_productos_Sin_Fondos/100001_Quisqueya_Extra_Six_pack_24_2.png;https://raw.githubusercontent.com/JUANCITOPENA/catalogo_productos/main/imagenes_ultra_hd_Con_Fondos/100001_Quisqueya_Extra_Six_pack_24_2.png
100004;Malta_India_litro_Caja_12_1;BEBIDAS;100004_Malta_India_litro_Caja_12_1.png;https://raw.githubusercontent.com/JUANCITOPENA/catalogo_productos/main/catalogo_productos_Sin_Fondos/100004_Malta_India_litro_Caja_12_1.png;https://raw.githubusercontent.com/JUANCITOPENA/catalogo_productos/main/imagenes_ultra_hd_Con_Fondos/100004_Malta_India_litro_Caja_12_1.png
100005;Malta_India_12_onzas_Caja_24_2;BEBIDAS;100005_Malta_India_12_onzas_Caja_24_2.png;https://raw.githubusercontent.com/JUANCITOPENA/catalogo_productos/main/catalogo_productos_Sin_Fondos/100005_Malta_India_12_onzas_Caja_24_2.png;https://raw.githubusercontent.com/JUANCITOPENA/catalogo_productos/main/imagenes_ultra_hd_Con_Fondos/100005_Malta_India_12_onzas_Caja_24_2.png
100006;Malta_India_12_onzas_Six_pack_24_2;BEBIDAS;100006_Malta_India_12_onzas_Six_pack_24_2.png;https://raw.githubusercontent.com/JUANCITOPENA/catalogo_productos/main/catalogo_productos_Sin_Fondos/100006_Malta_India_12_onzas_Six_pack_24_2.png;https://raw.githubusercontent.com/JUANCITOPENA/catalogo_productos/main/imagenes_ultra_hd_Con_Fondos/100006_Malta_India_12_onzas_Six_pack_24_2.png
100011;Malta_India_12_onzas_PET_24_unidades;BEBIDAS;100011_Malta_India_12_onzas_PET_24_unidades.png;https://raw.githubusercontent.com/JUANCITOPENA/catalogo_productos/main/catalogo_productos_Sin_Fondos/100011_Malta_India_12_onzas_PET_24_unidades.png;https://raw.githubusercontent.com/JUANCITOPENA/catalogo_productos/main/imagenes_ultra_hd_Con_Fondos/100011_Malta_India_12_onzas_PET_24_unidades.png
100013;Malta_India_7_onzas_Caja_24_3;BEBIDAS;100013_Malta_India_7_onzas_Caja_24_3.png;https://raw.githubusercontent.com/JUANCITOPENA/catalogo_productos/main/catalogo_productos_Sin_Fondos/100013_Malta_India_7_onzas_Caja_24_3.png;https://raw.githubusercontent.com/JUANCITOPENA/catalogo_productos/main/imagenes_ultra_hd_Con_Fondos/100013_Malta_India_7_onzas_Caja_24_3.png
100014;Malta_India_7_onzas_Six_pack_24_3;BEBIDAS;100014_Malta_India_7_onzas_Six_pack_24_3.png;https://raw.githubusercontent.com/JUANCITOPENA/catalogo_productos/main/catalogo_productos_Sin_Fondos/100014_Malta_India_7_onzas_Six_pack_24_3.png;https://raw.githubusercontent.com/JUANCITOPENA/catalogo_productos/main/imagenes_ultra_hd_Con_Fondos/100014_Malta_India_7_onzas_Six_pack_24_3.png
100017;Malta_India_8_onzas_PET_24_unidades;BEBIDAS;100017_Malta_India_8_onzas_PET_24_unidades.png;https://raw.githubusercontent.com/JUANCITOPENA/catalogo_productos/main/catalogo_productos_Sin_Fondos/100017_Malta_India_8_onzas_PET_24_unidades.png;https://raw.githubusercontent.com/JUANCITOPENA/catalogo_productos/main/imagenes_ultra_hd_Con_Fondos/100017_Malta_India_8_onzas_PET_24_unidades.png
100022;Malta_India_medio_litro_PET_medio_litro;BEBIDAS;100022_Malta_India_medio_litro_PET_medio_litro.png;https://raw.githubusercontent.com/JUANCITOPENA/catalogo_productos/main/catalogo_productos_Sin_Fondos/100022_Malta_India_medio_litro_PET_medio_litro.png;https://raw.githubusercontent.com/JUANCITOPENA/catalogo_productos/main/imagenes_ultra_hd_Con_Fondos/100022_Malta_India_medio_litro_PET_medio_litro.png
100028;Tiegerbrau_Caja_24_2;BEBIDAS;100028_Tiegerbrau_Caja_24_2.png;https://raw.githubusercontent.com/JUANCITOPENA/catalogo_productos/main/catalogo_productos_Sin_Fondos/100028_Tiegerbrau_Caja_24_2.png;https://raw.githubusercontent.com/JUANCITOPENA/catalogo_productos/main/imagenes_ultra_hd_Con_Fondos/100028_Tiegerbrau_Caja_24_2.png
100030;Tiegerbrau_Four_pack_16_2;BEBIDAS;100030_Tiegerbrau_Four_pack_16_2.png;https://raw.githubusercontent.com/JUANCITOPENA/catalogo_productos/main/catalogo_productos_Sin_Fondos/100030_Tiegerbrau_Four_pack_16_2.png;https://raw.githubusercontent.com/JUANCITOPENA/catalogo_productos/main/imagenes_ultra_hd_Con_Fondos/100030_Tiegerbrau_Four_pack_16_2.png
100040;Mabi_Areito_Caja_24_2;BEBIDAS;100040_Mabi_Areito_Caja_24_2.png;https://raw.githubusercontent.com/JUANCITOPENA/catalogo_productos/main/catalogo_productos_Sin_Fondos/100040_Mabi_Areito_Caja_24_2.png;https://raw.githubusercontent.com/JUANCITOPENA/catalogo_productos/main/imagenes_ultra_hd_Con_Fondos/100040_Mabi_Areito_Caja_24_2.png
100041;Mabi_Areito_Six_pack_24_2;BEBIDAS;100041_Mabi_Areito_Six_pack_24_2.png;https://raw.githubusercontent.com/JUANCITOPENA/catalogo_productos/main/catalogo_productos_Sin_Fondos/100041_Mabi_Areito_Six_pack_24_2.png;https://raw.githubusercontent.com/JUANCITOPENA/catalogo_productos/main/imagenes_ultra_hd_Con_Fondos/100041_Mabi_Areito_Six_pack_24_2.png
100045;Agua_Fontina_Agua_Fontina;BEBIDAS;100045_Agua_Fontina_Agua_Fontina.png;https://raw.githubusercontent.com/JUANCITOPENA/catalogo_productos/main/catalogo_productos_Sin_Fondos/100045_Agua_Fontina_Agua_Fontina.png;https://raw.githubusercontent.com/JUANCITOPENA/catalogo_productos/main/imagenes_ultra_hd_Con_Fondos/100045_Agua_Fontina_Agua_Fontina.png
100056;Malta_India_litro_Bandeja_12_1;BEBIDAS;100056_Malta_India_litro_Bandeja_12_1.png;https://raw.githubusercontent.com/JUANCITOPENA/catalogo_productos/main/catalogo_productos_Sin_Fondos/100056_Malta_India_litro_Bandeja_12_1.png;https://raw.githubusercontent.com/JUANCITOPENA/catalogo_productos/main/imagenes_ultra_hd_Con_Fondos/100056_Malta_India_litro_Bandeja_12_1.png
100061;Quisqueya_Extra_Bandeja_24_2;BEBIDAS;100061_Quisqueya_Extra_Bandeja_24_2.png;https://raw.githubusercontent.com/JUANCITOPENA/catalogo_productos/main/catalogo_productos_Sin_Fondos/100061_Quisqueya_Extra_Bandeja_24_2.png;https://raw.githubusercontent.com/JUANCITOPENA/catalogo_productos/main/imagenes_ultra_hd_Con_Fondos/100061_Quisqueya_Extra_Bandeja_24_2.png
100062;Mabi_Areito_Bandeja_24_2;BEBIDAS;100062_Mabi_Areito_Bandeja_24_2.png;https://raw.githubusercontent.com/JUANCITOPENA/catalogo_productos/main/catalogo_productos_Sin_Fondos/100062_Mabi_Areito_Bandeja_24_2.png;https://raw.githubusercontent.com/JUANCITOPENA/catalogo_productos/main/imagenes_ultra_hd_Con_Fondos/100062_Mabi_Areito_Bandeja_24_2.png
100063;Malta_India_7_onzas_Bandeja_24_3;BEBIDAS;100063_Malta_India_7_onzas_Bandeja_24_3.png;https://raw.githubusercontent.com/JUANCITOPENA/catalogo_productos/main/catalogo_productos_Sin_Fondos/100063_Malta_India_7_onzas_Bandeja_24_3.png;https://raw.githubusercontent.com/JUANCITOPENA/catalogo_productos/main/imagenes_ultra_hd_Con_Fondos/100063_Malta_India_7_onzas_Bandeja_24_3.png
100064;Tiegerbrau_Bandeja_24_2;BEBIDAS;100064_Tiegerbrau_Bandeja_24_2.png;https://raw.githubusercontent.com/JUANCITOPENA/catalogo_productos/main/catalogo_productos_Sin_Fondos/100064_Tiegerbrau_Bandeja_24_2.png;https://raw.githubusercontent.com/JUANCITOPENA/catalogo_productos/main/imagenes_ultra_hd_Con_Fondos/100064_Tiegerbrau_Bandeja_24_2.png
100065;Malta_India_12_onzas_Bandeja_24_2;BEBIDAS;100065_Malta_India_12_onzas_Bandeja_24_2.png;https://raw.githubusercontent.com/JUANCITOPENA/catalogo_productos/main/catalogo_productos_Sin_Fondos/100065_Malta_India_12_onzas_Bandeja_24_2.png;https://raw.githubusercontent.com/JUANCITOPENA/catalogo_productos/main/imagenes_ultra_hd_Con_Fondos/100065_Malta_India_12_onzas_Bandeja_24_2.png
400002;Cafe_Bustelo_Regular_lata_12_10;ALIMENTOS;400002_Cafe_Bustelo_Regular_lata_12_10.png;https://raw.githubusercontent.com/JUANCITOPENA/catalogo_productos/main/catalogo_productos_Sin_Fondos/400002_Cafe_Bustelo_Regular_lata_12_10.png;https://raw.githubusercontent.com/JUANCITOPENA/catalogo_productos/main/imagenes_ultra_hd_Con_Fondos/400002_Cafe_Bustelo_Regular_lata_12_10.png
400003;Cafe_Bustelo_Descafeinado_lata_12_10;ALIMENTOS;400003_Cafe_Bustelo_Descafeinado_lata_12_10.png;https://raw.githubusercontent.com/JUANCITOPENA/catalogo_productos/main/catalogo_productos_Sin_Fondos/400003_Cafe_Bustelo_Descafeinado_lata_12_10.png;https://raw.githubusercontent.com/JUANCITOPENA/catalogo_productos/main/imagenes_ultra_hd_Con_Fondos/400003_Cafe_Bustelo_Descafeinado_lata_12_10.png
400005;Aceite_de_oliva_Betis_Aceite_oliva_extra_virgen_24_4_25;ALIMENTOS;400005_Aceite_de_oliva_Betis_Aceite_oliva_extra_virgen_24_4_25.png;https://raw.githubusercontent.com/JUANCITOPENA/catalogo_productos/main/catalogo_productos_Sin_Fondos/400005_Aceite_de_oliva_Betis_Aceite_oliva_extra_virgen_24_4_25.png;https://raw.githubusercontent.com/JUANCITOPENA/catalogo_productos/main/imagenes_ultra_hd_Con_Fondos/400005_Aceite_de_oliva_Betis_Aceite_oliva_extra_virgen_24_4_25.png
400006;Aceite_de_oliva_Betis_Aceite_oliva_extra_virgen_24_8_5;ALIMENTOS;400006_Aceite_de_oliva_Betis_Aceite_oliva_extra_virgen_24_8_5.png;https://raw.githubusercontent.com/JUANCITOPENA/catalogo_productos/main/catalogo_productos_Sin_Fondos/400006_Aceite_de_oliva_Betis_Aceite_oliva_extra_virgen_24_8_5.png;https://raw.githubusercontent.com/JUANCITOPENA/catalogo_productos/main/imagenes_ultra_hd_Con_Fondos/400006_Aceite_de_oliva_Betis_Aceite_oliva_extra_virgen_24_8_5.png
400007;Aceite_de_oliva_Betis_Aceite_oliva_extra_virgen_12_17;ALIMENTOS;400007_Aceite_de_oliva_Betis_Aceite_oliva_extra_virgen_12_17.png;https://raw.githubusercontent.com/JUANCITOPENA/catalogo_productos/main/catalogo_productos_Sin_Fondos/400007_Aceite_de_oliva_Betis_Aceite_oliva_extra_virgen_12_17.png;https://raw.githubusercontent.com/JUANCITOPENA/catalogo_productos/main/imagenes_ultra_hd_Con_Fondos/400007_Aceite_de_oliva_Betis_Aceite_oliva_extra_virgen_12_17.png
400008;Aceite_de_oliva_Betis_Aceite_oliva_extra_virgen_4_5_L_lata;ALIMENTOS;400008_Aceite_de_oliva_Betis_Aceite_oliva_extra_virgen_4_5_L_lata.png;https://raw.githubusercontent.com/JUANCITOPENA/catalogo_productos/main/catalogo_productos_Sin_Fondos/400008_Aceite_de_oliva_Betis_Aceite_oliva_extra_virgen_4_5_L_lata.png;https://raw.githubusercontent.com/JUANCITOPENA/catalogo_productos/main/imagenes_ultra_hd_Con_Fondos/400008_Aceite_de_oliva_Betis_Aceite_oliva_extra_virgen_4_5_L_lata.png
400009;Aceite_de_oliva_Betis_Aceite_oliva_extra_virgen_540_20;ALIMENTOS;400009_Aceite_de_oliva_Betis_Aceite_oliva_extra_virgen_540_20.png;https://raw.githubusercontent.com/JUANCITOPENA/catalogo_productos/main/catalogo_productos_Sin_Fondos/400009_Aceite_de_oliva_Betis_Aceite_oliva_extra_virgen_540_20.png;https://raw.githubusercontent.com/JUANCITOPENA/catalogo_productos/main/imagenes_ultra_hd_Con_Fondos/400009_Aceite_de_oliva_Betis_Aceite_oliva_extra_virgen_540_20.png
400104;Lilac_Caricia_de_Seda_Jabon_Lilac_Seda_330_g;CUIDADO PERSONAL;400104_Lilac_Caricia_de_Seda_Jabon_Lilac_Seda_330_g.png;https://raw.githubusercontent.com/JUANCITOPENA/catalogo_productos/main/catalogo_productos_Sin_Fondos/400104_Lilac_Caricia_de_Seda_Jabon_Lilac_Seda_330_g.png;https://raw.githubusercontent.com/JUANCITOPENA/catalogo_productos/main/imagenes_ultra_hd_Con_Fondos/400104_Lilac_Caricia_de_Seda_Jabon_Lilac_Seda_330_g.png
400105;Lilac_Fresca_Primavera_Jabon_Lilac_Primavera_330_g;CUIDADO PERSONAL;400105_Lilac_Fresca_Primavera_Jabon_Lilac_Primavera_330_g.png;https://raw.githubusercontent.com/JUANCITOPENA/catalogo_productos/main/catalogo_productos_Sin_Fondos/400105_Lilac_Fresca_Primavera_Jabon_Lilac_Primavera_330_g.png;https://raw.githubusercontent.com/JUANCITOPENA/catalogo_productos/main/imagenes_ultra_hd_Con_Fondos/400105_Lilac_Fresca_Primavera_Jabon_Lilac_Primavera_330_g.png
400109;Lilac_Dulce_Amanecer_Jabon_Lilac_Amanecer_330_g;CUIDADO PERSONAL;400109_Lilac_Dulce_Amanecer_Jabon_Lilac_Amanecer_330_g.png;https://raw.githubusercontent.com/JUANCITOPENA/catalogo_productos/main/catalogo_productos_Sin_Fondos/400109_Lilac_Dulce_Amanecer_Jabon_Lilac_Amanecer_330_g.png;https://raw.githubusercontent.com/JUANCITOPENA/catalogo_productos/main/imagenes_ultra_hd_Con_Fondos/400109_Lilac_Dulce_Amanecer_Jabon_Lilac_Amanecer_330_g.png
400117;Espumil_500_g_Explosion_Flores_500_g;CUIDADO DEL HOGAR;400117_Espumil_500_g_Explosion_Flores_500_g.png;https://raw.githubusercontent.com/JUANCITOPENA/catalogo_productos/main/catalogo_productos_Sin_Fondos/400117_Espumil_500_g_Explosion_Flores_500_g.png;https://raw.githubusercontent.com/JUANCITOPENA/catalogo_productos/main/imagenes_ultra_hd_Con_Fondos/400117_Espumil_500_g_Explosion_Flores_500_g.png
400118;Espumil_500_g_Explosion_Citrica_500_g;CUIDADO DEL HOGAR;400118_Espumil_500_g_Explosion_Citrica_500_g.png;https://raw.githubusercontent.com/JUANCITOPENA/catalogo_productos/main/catalogo_productos_Sin_Fondos/400118_Espumil_500_g_Explosion_Citrica_500_g.png;https://raw.githubusercontent.com/JUANCITOPENA/catalogo_productos/main/imagenes_ultra_hd_Con_Fondos/400118_Espumil_500_g_Explosion_Citrica_500_g.png
400119;Espumil_500_g_Explosion_Frescura_500_g;CUIDADO DEL HOGAR;400119_Espumil_500_g_Explosion_Frescura_500_g.png;https://raw.githubusercontent.com/JUANCITOPENA/catalogo_productos/main/catalogo_productos_Sin_Fondos/400119_Espumil_500_g_Explosion_Frescura_500_g.png;https://raw.githubusercontent.com/JUANCITOPENA/catalogo_productos/main/imagenes_ultra_hd_Con_Fondos/400119_Espumil_500_g_Explosion_Frescura_500_g.png
400123;Vinagre_balsamico_Betis_Vinagre_balsamico_8_5_oz;ALIMENTOS;400123_Vinagre_balsamico_Betis_Vinagre_balsamico_8_5_oz.png;https://raw.githubusercontent.com/JUANCITOPENA/catalogo_productos/main/catalogo_productos_Sin_Fondos/400123_Vinagre_balsamico_Betis_Vinagre_balsamico_8_5_oz.png;https://raw.githubusercontent.com/JUANCITOPENA/catalogo_productos/main/imagenes_ultra_hd_Con_Fondos/400123_Vinagre_balsamico_Betis_Vinagre_balsamico_8_5_oz.png
400136;Espumil_5_kg_Explosion_Citrica_5_kg;CUIDADO DEL HOGAR;400136_Espumil_5_kg_Explosion_Citrica_5_kg.png;https://raw.githubusercontent.com/JUANCITOPENA/catalogo_productos/main/catalogo_productos_Sin_Fondos/400136_Espumil_5_kg_Explosion_Citrica_5_kg.png;https://raw.githubusercontent.com/JUANCITOPENA/catalogo_productos/main/imagenes_ultra_hd_Con_Fondos/400136_Espumil_5_kg_Explosion_Citrica_5_kg.png
400145;Espumil_1_kg_Explosion_Flores_1_kg;CUIDADO DEL HOGAR;400145_Espumil_1_kg_Explosion_Flores_1_kg.png;https://raw.githubusercontent.com/JUANCITOPENA/catalogo_productos/main/catalogo_productos_Sin_Fondos/400145_Espumil_1_kg_Explosion_Flores_1_kg.png;https://raw.githubusercontent.com/JUANCITOPENA/catalogo_productos/main/imagenes_ultra_hd_Con_Fondos/400145_Espumil_1_kg_Explosion_Flores_1_kg.png
400146;Espumil_1_kg_Explosion_Citrica_1_kg;CUIDADO DEL HOGAR;400146_Espumil_1_kg_Explosion_Citrica_1_kg.png;https://raw.githubusercontent.com/JUANCITOPENA/catalogo_productos/main/catalogo_productos_Sin_Fondos/400146_Espumil_1_kg_Explosion_Citrica_1_kg.png;https://raw.githubusercontent.com/JUANCITOPENA/catalogo_productos/main/imagenes_ultra_hd_Con_Fondos/400146_Espumil_1_kg_Explosion_Citrica_1_kg.png
400147;Espumil_1_kg_Explosion_Frescura_1_kg;CUIDADO DEL HOGAR;400147_Espumil_1_kg_Explosion_Frescura_1_kg.png;https://raw.githubusercontent.com/JUANCITOPENA/catalogo_productos/main/catalogo_productos_Sin_Fondos/400147_Espumil_1_kg_Explosion_Frescura_1_kg.png;https://raw.githubusercontent.com/JUANCITOPENA/catalogo_productos/main/imagenes_ultra_hd_Con_Fondos/400147_Espumil_1_kg_Explosion_Frescura_1_kg.png
400150;Espumil_2_kg_Explosion_Flores_2_kg;CUIDADO DEL HOGAR;400150_Espumil_2_kg_Explosion_Flores_2_kg.png;https://raw.githubusercontent.com/JUANCITOPENA/catalogo_productos/main/catalogo_productos_Sin_Fondos/400150_Espumil_2_kg_Explosion_Flores_2_kg.png;https://raw.githubusercontent.com/JUANCITOPENA/catalogo_productos/main/imagenes_ultra_hd_Con_Fondos/400150_Espumil_2_kg_Explosion_Flores_2_kg.png
400152;Espumil_2_kg_Explosion_Citrica_2_kg;CUIDADO DEL HOGAR;400152_Espumil_2_kg_Explosion_Citrica_2_kg.png;https://raw.githubusercontent.com/JUANCITOPENA/catalogo_productos/main/catalogo_productos_Sin_Fondos/400152_Espumil_2_kg_Explosion_Citrica_2_kg.png;https://raw.githubusercontent.com/JUANCITOPENA/catalogo_productos/main/imagenes_ultra_hd_Con_Fondos/400152_Espumil_2_kg_Explosion_Citrica_2_kg.png
400156;Espumil_5_kg_Explosion_Flores_5_kg;CUIDADO DEL HOGAR;400156_Espumil_5_kg_Explosion_Flores_5_kg.png;https://raw.githubusercontent.com/JUANCITOPENA/catalogo_productos/main/catalogo_productos_Sin_Fondos/400156_Espumil_5_kg_Explosion_Flores_5_kg.png;https://raw.githubusercontent.com/JUANCITOPENA/catalogo_productos/main/imagenes_ultra_hd_Con_Fondos/400156_Espumil_5_kg_Explosion_Flores_5_kg.png
400159;Klinpiax_Limon_Lavaplatos_crema_limon_425_g;CUIDADO DEL HOGAR;400159_Klinpiax_Limon_Lavaplatos_crema_limon_425_g.png;https://raw.githubusercontent.com/JUANCITOPENA/catalogo_productos/main/catalogo_productos_Sin_Fondos/400159_Klinpiax_Limon_Lavaplatos_crema_limon_425_g.png;https://raw.githubusercontent.com/JUANCITOPENA/catalogo_productos/main/imagenes_ultra_hd_Con_Fondos/400159_Klinpiax_Limon_Lavaplatos_crema_limon_425_g.png
400160;Klinpiax_Citrus_Mango_Lavaplatos_crema_mango_425_g;CUIDADO DEL HOGAR;400160_Klinpiax_Citrus_Mango_Lavaplatos_crema_mango_425_g.png;https://raw.githubusercontent.com/JUANCITOPENA/catalogo_productos/main/catalogo_productos_Sin_Fondos/400160_Klinpiax_Citrus_Mango_Lavaplatos_crema_mango_425_g.png;https://raw.githubusercontent.com/JUANCITOPENA/catalogo_productos/main/imagenes_ultra_hd_Con_Fondos/400160_Klinpiax_Citrus_Mango_Lavaplatos_crema_mango_425_g.png
400161;Klinpiax_Frutos_Rojos_Lavaplatos_crema_frutos_rojos_425_g;CUIDADO DEL HOGAR;400161_Klinpiax_Frutos_Rojos_Lavaplatos_crema_frutos_rojos_425_g.png;https://raw.githubusercontent.com/JUANCITOPENA/catalogo_productos/main/catalogo_productos_Sin_Fondos/400161_Klinpiax_Frutos_Rojos_Lavaplatos_crema_frutos_rojos_425_g.png;https://raw.githubusercontent.com/JUANCITOPENA/catalogo_productos/main/imagenes_ultra_hd_Con_Fondos/400161_Klinpiax_Frutos_Rojos_Lavaplatos_crema_frutos_rojos_425_g.png
400164;Klinpiax_Citrus_Mango_Lavaplatos_crema_mango_1_kg;CUIDADO DEL HOGAR;400164_Klinpiax_Citrus_Mango_Lavaplatos_crema_mango_1_kg.png;https://raw.githubusercontent.com/JUANCITOPENA/catalogo_productos/main/catalogo_productos_Sin_Fondos/400164_Klinpiax_Citrus_Mango_Lavaplatos_crema_mango_1_kg.png;https://raw.githubusercontent.com/JUANCITOPENA/catalogo_productos/main/imagenes_ultra_hd_Con_Fondos/400164_Klinpiax_Citrus_Mango_Lavaplatos_crema_mango_1_kg.png
400165;Klinpiax_Frutos_Rojos_Lavaplatos_crema_frutos_rojos_1_kg;CUIDADO DEL HOGAR;400165_Klinpiax_Frutos_Rojos_Lavaplatos_crema_frutos_rojos_1_kg.png;https://raw.githubusercontent.com/JUANCITOPENA/catalogo_productos/main/catalogo_productos_Sin_Fondos/400165_Klinpiax_Frutos_Rojos_Lavaplatos_crema_frutos_rojos_1_kg.png;https://raw.githubusercontent.com/JUANCITOPENA/catalogo_productos/main/imagenes_ultra_hd_Con_Fondos/400165_Klinpiax_Frutos_Rojos_Lavaplatos_crema_frutos_rojos_1_kg.png
400167;Klinpiax_Limon_Lavaplatos_crema_limon_1_kg;CUIDADO DEL HOGAR;400167_Klinpiax_Limon_Lavaplatos_crema_limon_1_kg.png;https://raw.githubusercontent.com/JUANCITOPENA/catalogo_productos/main/catalogo_productos_Sin_Fondos/400167_Klinpiax_Limon_Lavaplatos_crema_limon_1_kg.png;https://raw.githubusercontent.com/JUANCITOPENA/catalogo_productos/main/imagenes_ultra_hd_Con_Fondos/400167_Klinpiax_Limon_Lavaplatos_crema_limon_1_kg.png
400168;Klinpiax_Limon_Lavaplatos_liquido_limon_750_ml;CUIDADO DEL HOGAR;400168_Klinpiax_Limon_Lavaplatos_liquido_limon_750_ml.png;https://raw.githubusercontent.com/JUANCITOPENA/catalogo_productos/main/catalogo_productos_Sin_Fondos/400168_Klinpiax_Limon_Lavaplatos_liquido_limon_750_ml.png;https://raw.githubusercontent.com/JUANCITOPENA/catalogo_productos/main/imagenes_ultra_hd_Con_Fondos/400168_Klinpiax_Limon_Lavaplatos_liquido_limon_750_ml.png
400183;Espumil_2_kg_Explosion_Frescura_2_kg;CUIDADO DEL HOGAR;400183_Espumil_2_kg_Explosion_Frescura_2_kg.png;https://raw.githubusercontent.com/JUANCITOPENA/catalogo_productos/main/catalogo_productos_Sin_Fondos/400183_Espumil_2_kg_Explosion_Frescura_2_kg.png;https://raw.githubusercontent.com/JUANCITOPENA/catalogo_productos/main/imagenes_ultra_hd_Con_Fondos/400183_Espumil_2_kg_Explosion_Frescura_2_kg.png
400184;Espumil_5_kg_Explosion_Frescura_5_kg;CUIDADO DEL HOGAR;400184_Espumil_5_kg_Explosion_Frescura_5_kg.png;https://raw.githubusercontent.com/JUANCITOPENA/catalogo_productos/main/catalogo_productos_Sin_Fondos/400184_Espumil_5_kg_Explosion_Frescura_5_kg.png;https://raw.githubusercontent.com/JUANCITOPENA/catalogo_productos/main/imagenes_ultra_hd_Con_Fondos/400184_Espumil_5_kg_Explosion_Frescura_5_kg.png
